{
    "avg_prec": 0.521244798813656,
    "roc_auc": 0.9500757591924711
}