{
    "avg_prec": 0.5296144360442597,
    "roc_auc": 0.9491591796666596
}